{"filename":"data.json","collections":[{"name":"comment","data":[],"idIndex":null,"binaryIndices":{},"constraints":null,"uniqueNames":[],"transforms":{},"objType":"comment","dirty":false,"cachedIndex":null,"cachedBinaryIndex":null,"cachedData":null,"adaptiveBinaryIndices":true,"transactional":false,"cloneObjects":false,"cloneMethod":"parse-stringify","asyncListeners":false,"disableMeta":false,"disableChangesApi":true,"disableDeltaChangesApi":true,"autoupdate":false,"serializableIndices":true,"disableFreeze":true,"ttl":null,"maxId":0,"DynamicViews":[],"events":{"insert":[],"update":[],"pre-insert":[],"pre-update":[],"close":[],"flushbuffer":[],"error":[],"delete":[null],"warning":[null]},"changes":[],"dirtyIds":[]},{"name":"contactForm","data":[{"name":"CHEUNG WING WAH","email":"19225849@life.hkbu.edu.hk","tel":"123123123","message":"fsdf","meta":{"revision":0,"created":1637778483876,"version":0},"$loki":1},{"name":"CHEUNG WING WAH","email":"dgsdg@gsfhh","tel":"63757706","message":"fasaf","meta":{"revision":0,"created":1637778928631,"version":0},"$loki":2},{"name":"","email":"","tel":"","message":"","meta":{"revision":0,"created":1637779600210,"version":0},"$loki":3},{"name":"dfsg","email":"fds@ffaf","tel":"63757706","message":"sfaaf","meta":{"revision":0,"created":1637779691656,"version":0},"$loki":4},{"name":"dfsg","email":"19225849@life.hkbu.edu.hk","tel":"63757706","message":"fsdsg","meta":{"revision":0,"created":1637783777250,"version":0},"$loki":5},{"name":"dfsg","email":"19225849@life.hkbu.edu.hk","tel":"63757706","message":"ffafaf","meta":{"revision":0,"created":1637784029751,"version":0},"$loki":6},{"name":"dfsg","email":"19225849@life.hkbu.edu.hk","tel":"63757706","message":"ffafaf","meta":{"revision":0,"created":1637784217660,"version":0},"$loki":7},{"name":"dfsg","email":"19225849@life.hkbu.edu.hk","tel":"63757706","message":"faffas","meta":{"revision":0,"created":1637784247697,"version":0},"$loki":8},{"name":"dfsg","email":"19225849@life.hkbu.edu.hk","tel":"63757706","message":"dsafaf","meta":{"revision":0,"created":1637784390144,"version":0},"$loki":9},{"name":"dfsg","email":"19225849@life.hkbu.edu.hk","tel":"63757706","message":"dsafaf","meta":{"revision":0,"created":1637784397895,"version":0},"$loki":10},{"name":"dfsg","email":"19225849@life.hkbu.edu.hk","tel":"63757706","message":"dsafaf","meta":{"revision":0,"created":1637784401110,"version":0},"$loki":11},{"name":"dfsg","email":"19225849@life.hkbu.edu.hk","tel":"63757706dfsf","message":"dsafaf","meta":{"revision":0,"created":1637784414848,"version":0},"$loki":12},{"name":"dfsg","email":"dgsdg@gsfhh","tel":"63757706","message":"egwgwgw","meta":{"revision":0,"created":1637819790152,"version":0},"$loki":13},{"name":"dfsg","email":"dgsdg@gsfhh","tel":"63757706","message":"dfsgsdf","meta":{"revision":0,"created":1637820624531,"version":0},"$loki":14},{"name":"dfsg","email":"dgsdg@gsfhh","tel":"63757706","message":"dfsgsdf","meta":{"revision":0,"created":1637820658060,"version":0},"$loki":15},{"name":"dfsg","email":"dgsdg@gsfhh","tel":"63757706","message":"dfsgsdf","meta":{"revision":0,"created":1637820668677,"version":0},"$loki":16},{"name":"dfsg","email":"19225849@life.hkbu.edu.hk","tel":"63757706","message":"sadasf","meta":{"revision":0,"created":1637820698240,"version":0},"$loki":17},{"name":"dfsg","email":"19225849@life.hkbu.edu.hk","tel":"63757706","message":"sadasf","meta":{"revision":0,"created":1637820721751,"version":0},"$loki":18},{"name":"dfsg","email":"19225849@life.hkbu.edu.hk","tel":"63757706","message":"sadasf","meta":{"revision":0,"created":1637820737572,"version":0},"$loki":19},{"name":"dfsg","email":"dgsdg@gsfhh","tel":"63757706","message":"sdgsdg","meta":{"revision":0,"created":1637820755761,"version":0},"$loki":20},{"name":"dfsg","email":"dgsdg@gsfhh","tel":"63757706","message":"dsgvsdg","meta":{"revision":0,"created":1637820803976,"version":0},"$loki":21},{"name":"dfsg","email":"dgsdg@gsfhh","tel":"63757706","message":"sfagadb","meta":{"revision":0,"created":1637820832084,"version":0},"$loki":22},{"name":"dfsg","email":"dgsdg@gsfhh","tel":"63757706","message":"sfafgag","meta":{"revision":0,"created":1637821135140,"version":0},"$loki":23},{"name":"dfsg","email":"dgsdg@gsfhh","tel":"63757706","message":"sfafgag","meta":{"revision":0,"created":1637821135142,"version":0},"$loki":24},{"name":"dfsg","email":"dgsdg@gsfhh","tel":"63757706","message":"dagdga","meta":{"revision":0,"created":1637821196107,"version":0},"$loki":25},{"name":"dfsg","email":"dgsdg@gsfhh","tel":"63757706","message":"dagdga","meta":{"revision":0,"created":1637821196120,"version":0},"$loki":26},{"name":"dfsg","email":"dgsdg@gsfhh","tel":"63757706","message":"dagdga","meta":{"revision":0,"created":1637821245880,"version":0},"$loki":27},{"name":"dfsg","email":"dgsdg@gsfhh","tel":"63757706","message":"dagdga","meta":{"revision":0,"created":1637821245883,"version":0},"$loki":28},{"name":"dsgsdg","email":"dgsdg@gsfhh","tel":"63757706","message":"sgdsg","meta":{"revision":0,"created":1637821257209,"version":0},"$loki":29},{"name":"dfsg","email":"dgsdg@gsfhh","tel":"63757706","message":"dgsgsdg","meta":{"revision":0,"created":1637821385718,"version":0},"$loki":30},{"name":"dfsg","email":"dgsdg@gsfhh","tel":"63757706","message":"dgsgsdg","meta":{"revision":0,"created":1637821385728,"version":0},"$loki":31},{"name":"dfsg","email":"dgsdg@gsfhh","tel":"63757706","message":"agafasf","meta":{"revision":0,"created":1637821526426,"version":0},"$loki":32},{"name":"dfsg","email":"dgsdg@gsfhh","tel":"63757706","message":"fasfaf","meta":{"revision":0,"created":1637821574135,"version":0},"$loki":33},{"name":"dfsg","email":"dgsdg@gsfhh","tel":"63757706","message":"vdvavav","meta":{"revision":0,"created":1637821593839,"version":0},"$loki":34},{"name":"dfsg","email":"dgsdg@gsfhh","tel":"63757706","message":"sfafasg","meta":{"revision":0,"created":1637821611651,"version":0},"$loki":35},{"name":"fdsgsg","email":"gsdgdsg@dgsfg","tel":"63757706","message":"gsdgdsgs","meta":{"revision":0,"created":1637821636673,"version":0},"$loki":36},{"name":"fsdfs","email":"dgsdg@gsfhh","tel":"fsfsd","message":"fsdsdf","meta":{"revision":0,"created":1637821682251,"version":0},"$loki":37},{"name":"fdgfs","email":"sgsdgs@gdsg","tel":"gdssdg","message":"sdgsgssgd","meta":{"revision":0,"created":1637822100792,"version":0},"$loki":38},{"name":"fdgfs","email":"sgsdgs@gdsg","tel":"gdssdg","message":"sdgsgssgd","meta":{"revision":0,"created":1637822108108,"version":0},"$loki":39},{"name":"fdgfs","email":"sgsdgs@gdsg","tel":"gdssdg","message":"sdgsgssgd","meta":{"revision":0,"created":1637822114445,"version":0},"$loki":40},{"name":"dfsg","email":"dgsdg@gsfhh","tel":"63757706","message":"dsgdgsdg","meta":{"revision":0,"created":1637822376983,"version":0},"$loki":41},{"name":"dfsg","email":"dgsdg@gsfhh","tel":"63757706","message":"dbbdffbs","meta":{"revision":0,"created":1637822411840,"version":0},"$loki":42},{"name":"dfsg","email":"dgsdg@gsfhh","tel":"63757706","message":"dsgsdgs","meta":{"revision":0,"created":1637822448332,"version":0},"$loki":43},{"name":"dfsg","email":"dgsdg@gsfhh","tel":"63757706","message":"fdsgsdg","meta":{"revision":0,"created":1637822486022,"version":0},"$loki":44},{"name":"dfsg","email":"dgsdg@gsfhh","tel":"63757706","message":"fasfa","meta":{"revision":0,"created":1637822688581,"version":0},"$loki":45},{"name":"dfsg","email":"dgsdg@gsfhh","tel":"63757706","message":"sfafafas","meta":{"revision":0,"created":1637822711234,"version":0},"$loki":46},{"name":"fda","email":"dgsdg@gsfhh","tel":"fsfsd","message":"fsdas","meta":{"revision":0,"created":1637822732971,"version":0},"$loki":47},{"name":"fda","email":"dgsdg@gsfhh","tel":"fsfsd","message":"dfsf","meta":{"revision":0,"created":1637822936628,"version":0},"$loki":48},{"name":"dfsg","email":"dgsdg@gsfhh","tel":"63757706","message":"dsgsdgs","meta":{"revision":0,"created":1637822962471,"version":0},"$loki":49},{"name":"dfsg","email":"dgsdg@gsfhh","tel":"fsfsd","message":"fsfsdfs","meta":{"revision":0,"created":1637823003162,"version":0},"$loki":50},{"name":"dfsg","email":"dgsdg@gsfhh","tel":"63757706","message":"fdsafasf","meta":{"revision":0,"created":1637823015452,"version":0},"$loki":51},{"name":"dfsg","email":"dgsdg@gsfhh","tel":"63757706","message":" ,bkbkb","meta":{"revision":0,"created":1637823207984,"version":0},"$loki":52},{"name":"dfsg","email":"dgsdg@gsfhh","tel":"fsfsd","message":"fdsfsd","meta":{"revision":0,"created":1637823260334,"version":0},"$loki":53},{"name":"dfsg","email":"dgsdg@gsfhh","tel":"63757706","message":"fsdfsdf","meta":{"revision":0,"created":1637823291809,"version":0},"$loki":54},{"name":"dfsg","email":"dgsdg@gsfhh","tel":"fsfsd","message":"fdsfsd","meta":{"revision":0,"created":1637823306672,"version":0},"$loki":55},{"name":"dfsg","email":"dgsdg@gsfhh","tel":"63757706","message":"fdsfsd","meta":{"revision":0,"created":1637823457772,"version":0},"$loki":56},{"name":"dfsg","email":"dgsdg@gsfhh","team":"","message":"fdsfsdf","meta":{"revision":0,"created":1637823688132,"version":0},"$loki":57},{"name":"dfsg","email":"dgsdg@gsfhh","character":"067","message":"fsdfsdfs","meta":{"revision":0,"created":1637823809503,"version":0},"$loki":58},{"name":"gjdljgkldfjg","email":"jgskldgjlkj@jkdljfgslkj","character":"067","message":"Happy Joy Cheerful","meta":{"revision":0,"created":1637828989030,"version":0},"$loki":59},{"name":"gjdljgkldfjg","email":"jgskldgjlkj@jkdljfgslkj","character":"067","message":"gfdgfh","meta":{"revision":0,"created":1637829089773,"version":0},"$loki":60},{"name":"Andy","email":"kwankawan@gmail.com","character":"067","message":"very good la","meta":{"revision":0,"created":1637890852457,"version":0},"$loki":61},{"name":"Andy","email":"kwankawan@gmail.com","character":"218","message":"very good la","meta":{"revision":0,"created":1637890861971,"version":0},"$loki":62},{"name":"Andy","email":"kwankawan@gmail.com","character":"067","message":"a bc c","meta":{"revision":0,"created":1637891145022,"version":0},"$loki":63},{"name":"Andy","email":"kwankawan@gmail.com","character":"067","message":"a bc c","meta":{"revision":0,"created":1637891437358,"version":0},"$loki":64},{"name":"Andy","email":"kwankawan@gmail.com","character":"067","message":"a bc c","meta":{"revision":0,"created":1637892176902,"version":0},"$loki":65},{"name":"Andy","email":"kwankawan@gmail.com","character":"067","message":"jfnv","meta":{"revision":0,"created":1637892205573,"version":0},"$loki":66},{"name":"cuisine","email":"cheunghuionandy@gmail.com","character":"218","message":"dcc","meta":{"revision":0,"created":1637892411988,"version":0},"$loki":67},{"name":"Andy","email":"adonis9487@gmail.com","character":"218","message":"cvvv","meta":{"revision":0,"created":1637892482143,"version":0},"$loki":68},{"name":"Andy","email":"adonis9487@gmail.com","character":"218","message":"cvvv","meta":{"revision":0,"created":1637892621714,"version":0},"$loki":69},{"name":"locationEnquiry","email":"kwankawan@gmail.com","character":"218","message":"gfgg","meta":{"revision":0,"created":1637893395125,"version":0},"$loki":70},{"name":"locationEnquiry","email":"kwankawan@gmail.com","character":"218","message":"gfgg","meta":{"revision":0,"created":1637893427934,"version":0},"$loki":71},{"name":"locationEnquiry","email":"kwankawan@gmail.com","character":"218","message":"schcbnb","meta":{"revision":0,"created":1637893539342,"version":0},"$loki":72},{"name":"Andy","email":"cheunghuionandy@gmail.com","character":"067","message":"mnjdn","meta":{"revision":0,"created":1637893903933,"version":0},"$loki":73},{"name":"locationEnquiry","email":"adonis9487@gmail.com","character":"218","message":"ddd","meta":{"revision":0,"created":1637894118973,"version":0},"$loki":74},{"name":"Andy","email":"adonis9487@gmail.com","character":"067","message":"v","meta":{"revision":0,"created":1637894805838,"version":0},"$loki":75},{"name":"cuisine","email":"kwankawan@gmail.com","character":"067","message":"uyhhujh","meta":{"revision":0,"created":1637895071132,"version":0},"$loki":76},{"name":"locationEnquiry","email":"adonis9487@gmail.com","character":"","message":"sss","meta":{"revision":0,"created":1637895213410,"version":0},"$loki":77},{"name":"locationEnquiry","email":"adonis9487@gmail.com","character":"218","message":"sss","meta":{"revision":0,"created":1637895217134,"version":0},"$loki":78},{"name":"locationEnquiry","email":"kwankawan@gmail.com","character":"067","message":"jh","meta":{"revision":0,"created":1637895338669,"version":0},"$loki":79},{"name":"locationEnquiry","email":"cheunghuionandy@gmail.com","character":"067","message":"hjhb djdk dd","meta":{"revision":0,"created":1637895502080,"version":0},"$loki":80},{"name":"locationEnquiry","email":"cheunghuionandy@gmail.com","character":"067","message":"djdni djd  djjhd","meta":{"revision":0,"created":1637897805084,"version":0},"$loki":81},{"name":"ff","email":"ff@gmail.com","character":"067","message":"dddf","meta":{"revision":0,"created":1637901987755,"version":0},"$loki":82},{"name":"hfhd","email":"hdfhd@gdsgs","character":"067","message":"dsgsdgsdgsgd","meta":{"revision":0,"created":1637902854554,"version":0},"$loki":83},{"name":"dfhdf","email":"hdfhdh@drfgfhf","character":"067","message":"fdhdhdh","meta":{"revision":0,"created":1637903259627,"version":0},"$loki":84},{"name":"dfgfd","email":"g@dfgfh","character":"067","message":"dhffhf","meta":{"revision":0,"created":1637903373560,"version":0},"$loki":85},{"name":"gfdgdf","email":"gsdg!@ggds","character":"067","message":"dgsdsg","meta":{"revision":0,"created":1637903504421,"version":0},"$loki":86},{"name":"gfhdhd","email":"fhdfh@gfsgs","character":"067","message":"gsdgsgs","meta":{"revision":0,"created":1637903578537,"version":0},"$loki":87},{"name":"gfhdhd","email":"fhdfh@gfsgs","character":"067","message":"gsdgsgs","meta":{"revision":0,"created":1637903584879,"version":0},"$loki":88},{"name":"gfhdhd","email":"fhdfh@gfsgs","character":"067","message":"gsdgsgs","meta":{"revision":0,"created":1637903585846,"version":0},"$loki":89},{"name":"fsdfd@fghdfh","email":"fsdfd@fghdfh","character":"067","message":"fsdfd@fghdfh","meta":{"revision":0,"created":1637903615553,"version":0},"$loki":90},{"name":"fsdfd@fghdfhfsdfd@fghdfh","email":"fsdfd@fghdfh","character":"067","message":"fsdfd@fghdfh","meta":{"revision":0,"created":1637903641254,"version":0},"$loki":91},{"name":"  khgh","email":"fhfdh@gsdd","character":"218","message":"dgsdgs\r\n","meta":{"revision":0,"created":1637903674084,"version":0},"$loki":92},{"name":"  khgh","email":"fhfdh@gsdd","character":"218","message":"dgsdgs\r\n","meta":{"revision":0,"created":1637903676947,"version":0},"$loki":93},{"name":"fdhd","email":"gdsgsd@dfhdfh","character":"067","message":"fdhdfhdf","meta":{"revision":0,"created":1637903748536,"version":0},"$loki":94},{"name":"fgfdhhfdh","email":"gdsgs@gdsgs","character":"067","message":"sdgsdg","meta":{"revision":0,"created":1637903766642,"version":0},"$loki":95},{"name":"gsdfg","email":"gfdgdf@gsfdgs","character":"218","message":"gsdfgfd","meta":{"revision":0,"created":1637903804604,"version":0},"$loki":96},{"name":"gsdgsdg","email":"gdsgd@gds","character":"218","message":"dsgsdgsdg","meta":{"revision":0,"created":1637903835293,"version":0},"$loki":97},{"name":"hgdfs","email":"gdsg@fshdh","character":"067","message":"fhdhzhf","meta":{"revision":0,"created":1637903871943,"version":0},"$loki":98},{"name":"dsgsdg","email":"dgsgd@gdsgd","character":"067","message":"dsgsdggsd","meta":{"revision":0,"created":1637903896065,"version":0},"$loki":99},{"name":"sfafas","email":"fsaf@Q","character":"067","message":"fdsfdsf","meta":{"revision":0,"created":1637903981024,"version":0},"$loki":100},{"name":"sfafas","email":"fsaf@Q","character":"456","message":"fdsfdsf","meta":{"revision":0,"created":1637903991226,"version":0},"$loki":101},{"name":"sfasfa","email":"fasf@gsdfg","character":"218","message":"gdsgdg","meta":{"revision":0,"created":1637904082513,"version":0},"$loki":102},{"name":"dsgdsg","email":"dsgd@gsgsd","character":"218","message":"dsgsdgs","meta":{"revision":0,"created":1637904147473,"version":0},"$loki":103},{"name":"gdsg","email":"dgsgd@gfshgd","character":"067","message":"fhdfhfd","meta":{"revision":0,"created":1637904202191,"version":0},"$loki":104},{"name":"sdgsdg","email":"gdsg@gsfgsd","character":"067","message":"dgsgsdg","meta":{"revision":0,"created":1637904226374,"version":0},"$loki":105},{"name":"gdsgsdgds","email":"dgsd@gfsg","character":"456","message":"dsgsdgdsg","meta":{"revision":0,"created":1637904262341,"version":0},"$loki":106},{"name":"gdsgsdgds","email":"dgsd@gfsg","character":"456","message":"dsgsdgdsg","meta":{"revision":0,"created":1637904266304,"version":0},"$loki":107},{"name":"gdsgsdgds","email":"dgsd@gfsg","character":"456","message":"dsgsdgdsg","meta":{"revision":0,"created":1637904301116,"version":0},"$loki":108},{"name":"gdsgsdgds","email":"dgsd@gfsg","character":"456","message":"dsgsdgdsg","meta":{"revision":0,"created":1637904303918,"version":0},"$loki":109},{"name":"gdsgsdgds","email":"dgsd@gfsg","character":"456","message":"dsgsdgdsg","meta":{"revision":0,"created":1637904306413,"version":0},"$loki":110},{"name":"ggsd","email":"hfkjhdshl@gklhdsklhg","character":"218","message":"gdfdsgzds","meta":{"revision":0,"created":1637905697192,"version":0},"$loki":111},{"name":"dgsg","email":"dgs@gsdfgs","character":"067","message":"dsgdsg","meta":{"revision":0,"created":1637905739247,"version":0},"$loki":112},{"name":"Peter","email":"peter@gmail.com","character":"218","message":"scary, desire, horrible","meta":{"revision":0,"created":1637907261856,"version":0},"$loki":113},{"name":"jisahrha","email":"ijifhaioh@jioadfjo","character":"218","message":"gdfgsgsdg","meta":{"revision":0,"created":1637912251779,"version":0},"$loki":114},{"name":"jisahrha","email":"ijifhaioh@jioadfjo","character":"218","message":"gdfgsgsdg","meta":{"revision":0,"created":1637912265531,"version":0},"$loki":115},{"name":"jisahrha","email":"ijifhaioh@jioadfjo","character":"218","message":"gdfgsgsdg","meta":{"revision":0,"created":1637912267906,"version":0},"$loki":116},{"name":"ck","email":"ck@gmail.com","character":"067","message":"yo yo yo","meta":{"revision":0,"created":1638004327412,"version":0},"$loki":117},{"name":"ck","email":"ck@gmail","character":"067","message":"sss","meta":{"revision":0,"created":1638004435913,"version":0},"$loki":118},{"name":"ck","email":"ck@gmail","character":"456","message":"sss","meta":{"revision":0,"created":1638004446837,"version":0},"$loki":119},{"name":"fd","email":"fd@gmail.com","character":"","message":"you you you","meta":{"revision":0,"created":1638005227194,"version":0},"$loki":120},{"name":"cd","email":"cd@123.com","character":"","message":"hi","meta":{"revision":0,"created":1638006091747,"version":0},"$loki":121},{"name":"cd","email":"cd@123.com","character":"","message":"OK","meta":{"revision":0,"created":1638006102973,"version":0},"$loki":122},{"name":"cd","email":"cd@123.com","character":"","message":"OK","meta":{"revision":0,"created":1638006106516,"version":0},"$loki":123},{"name":"cd","email":"cd@123.com","character":"456","message":"OK","meta":{"revision":0,"created":1638006253102,"version":0},"$loki":124},{"name":"cd","email":"cd@123.com","character":"456","message":"OK","meta":{"revision":0,"created":1638006256937,"version":0},"$loki":125},{"name":"cd","email":"cd@123.com","character":"218","message":"OK","meta":{"revision":0,"created":1638006261124,"version":0},"$loki":126},{"name":"cd","email":"cd@123.com","character":"218","message":"OK","meta":{"revision":0,"created":1638006263726,"version":0},"$loki":127},{"name":"cd","email":"cd@123.com","character":"218","message":"OK","meta":{"revision":0,"created":1638006275059,"version":0},"$loki":128},{"name":"jkndd","email":"cheung@gmail.com","character":"067","message":"sjkj","meta":{"revision":0,"created":1638006358577,"version":0},"$loki":129},{"name":"jkndd","email":"cheung@gmail.com","character":"067","message":"abc","meta":{"revision":0,"created":1638006368726,"version":0},"$loki":130},{"name":"cheung","email":"cheung@gmail.com","character":"218","message":"skk","meta":{"revision":0,"created":1638006673728,"version":0},"$loki":131},{"name":"bcjb","email":"andy@gmail.com","character":"067","message":"andy","meta":{"revision":0,"created":1638006736199,"version":0},"$loki":132},{"name":"bcjb","email":"andy@gmail.com","character":"067","message":"ko","meta":{"revision":0,"created":1638006743765,"version":0},"$loki":133},{"name":"andy","email":"andy@dd","character":"067","message":"good good good","meta":{"revision":0,"created":1638006911450,"version":0},"$loki":134},{"name":"andy","email":"andy@dd","character":"067","message":"good good good","meta":{"revision":0,"created":1638006915666,"version":0},"$loki":135},{"name":"cheung","email":"k31@gmail.com","character":"","message":"good","meta":{"revision":0,"created":1638012234721,"version":0},"$loki":136},{"name":"cheung","email":"ong@133","character":"","message":"andy","meta":{"revision":0,"created":1638012590749,"version":0},"$loki":137},{"name":"cheung","email":"andy@gmail.com","character":"","message":"goof","meta":{"revision":0,"created":1638013346173,"version":0},"$loki":138},{"name":"cheug","email":"and@gmail.coms","character":"067","message":"sss","meta":{"revision":0,"created":1638013541008,"version":0},"$loki":139},{"name":"csac","email":"csd@gmail.com","character":"","message":"you","meta":{"revision":0,"created":1638176985962,"version":0},"$loki":140},{"name":"c","email":"c@123.cm","character":"456","message":"123","meta":{"revision":0,"created":1638177079263,"version":0},"$loki":141},{"name":"c","email":"c@123.cm","character":"456","message":"123","meta":{"revision":0,"created":1638177092461,"version":0},"$loki":142},{"name":"dcc","email":"andt@gmail.com","character":"218","message":"ok","meta":{"revision":0,"created":1638177229324,"version":0},"$loki":143},{"name":"ddknckd","email":"kkmcdksd@133","character":"067","message":"dknndl","meta":{"revision":0,"created":1638177288750,"version":0},"$loki":144},{"name":"dd","email":"ddd@123.com","character":"067","message":"good\r\n","meta":{"revision":0,"created":1638177382390,"version":0},"$loki":145},{"name":"dd","email":"ddd@123.com","character":"067","message":"good\r\n","meta":{"revision":0,"created":1638177411098,"version":0},"$loki":146},{"name":"dhcj","email":"mlm@mk.com","character":"067","message":"dccc","meta":{"revision":0,"created":1638178022008,"version":0},"$loki":147},{"name":"cheung","email":"djdjcn@lslcm","character":"067","message":"yes","meta":{"revision":0,"created":1638178083254,"version":0},"$loki":148},{"name":"yow","email":"yow@gmail.com","character":"218","message":"andy5819","meta":{"revision":0,"created":1638348741206,"version":0},"$loki":149},{"name":"yow","email":"yow@le.com","character":"","message":"you you","meta":{"revision":0,"created":1638348872578,"version":0},"$loki":150},{"name":"on","email":"andy@gmail.com","character":"","message":"andy","meta":{"revision":0,"created":1638349573363,"version":0},"$loki":151},{"name":"on","email":"andy@gmail.com","character":"067","message":"andy","meta":{"revision":0,"created":1638349578795,"version":0},"$loki":152},{"name":"on","email":"andy@gmail.com","character":"067","message":"andy","meta":{"revision":0,"created":1638349580918,"version":0},"$loki":153},{"name":"on","email":"andy@gmail.com","character":"067","message":"andy","meta":{"revision":0,"created":1638349582612,"version":0},"$loki":154},{"name":"andy","email":"cheunghui@2gmal.com","character":"067","message":"andy","meta":{"revision":0,"created":1638349650990,"version":0},"$loki":155},{"name":"andy","email":"cheunghui@2gmal.com","character":"067","message":"andy","meta":{"revision":0,"created":1638349653893,"version":0},"$loki":156},{"name":"f","email":"andt@gmai.com","character":"067","message":"aaa","meta":{"revision":0,"created":1638349884036,"version":0},"$loki":157},{"name":"f","email":"andt@gmai.com","character":"218","message":"aaa","meta":{"revision":0,"created":1638349894541,"version":0},"$loki":158},{"name":"sss","email":"sas@gmail.com","character":"456","message":"andt","meta":{"revision":0,"created":1638349941863,"version":0},"$loki":159},{"name":"cheung","email":"andy@gmail.com","character":"067","message":"andy","meta":{"revision":0,"created":1638362514758,"version":0},"$loki":160},{"name":"cheung","email":"andy@gmail.com","character":"067","message":"andy","meta":{"revision":0,"created":1638362547786,"version":0},"$loki":161},{"name":"cheung","email":"andy@gmail.com","character":"067","message":"kings","meta":{"revision":0,"created":1638362615329,"version":0},"$loki":162},{"name":"c","email":"cheung@gmail.con","character":"456","message":"andy","meta":{"revision":0,"created":1638363402777,"version":0},"$loki":163},{"name":"and","email":"andy@123","character":"067","message":"and","meta":{"revision":0,"created":1638364076255,"version":0},"$loki":164},{"name":"cheun","email":"andy@gmail.com","character":"456","message":"andyi","meta":{"revision":0,"created":1638364177302,"version":0},"$loki":165},{"name":"cheun","email":"andy@gmail.com","character":"456","message":"andyi","meta":{"revision":0,"created":1638364182657,"version":0},"$loki":166},{"name":"cheun","email":"andy@gmail.com","character":"456","message":"andyi","meta":{"revision":0,"created":1638364239536,"version":0},"$loki":167},{"name":"andy","email":"and@123","character":"067","message":"gg","meta":{"revision":0,"created":1638364259235,"version":0},"$loki":168},{"name":"andy","email":"and@123","character":"067","message":"gg","meta":{"revision":0,"created":1638364312517,"version":0},"$loki":169},{"name":"andy","email":"and@123","character":"067","message":"gg","meta":{"revision":0,"created":1638364315633,"version":0},"$loki":170},{"name":"cheung","email":"youtube@sjnk","character":"067","message":"adnjcjds","meta":{"revision":0,"created":1638364338367,"version":0},"$loki":171},{"name":"bcbdjs","email":"sbasb@bcdnsvk","character":"218","message":"dcdsjknvlkdskv","meta":{"revision":0,"created":1638364421668,"version":0},"$loki":172},{"name":"cheungdnkndd","email":"youtube@sjnk","character":"067","message":"adnjcjds","meta":{"revision":0,"created":1638364575037,"version":0},"$loki":173},{"name":"cheung","email":"ndjcbi@scmkm.com","character":"218","message":"sncinsakc","meta":{"revision":0,"created":1638364595611,"version":0},"$loki":174},{"name":"heung","email":"andy@gmai.com","character":"456","message":"jcjndjbv djndn dknckn","meta":{"revision":0,"created":1638369266425,"version":0},"$loki":175},{"name":"heung","email":"andy@gmai.com","character":"456","message":"jcjndjbv djndn dknckn","meta":{"revision":0,"created":1638369271398,"version":0},"$loki":176},{"name":"heung","email":"andy@gmai.com","character":"456","message":"jcjndjbv djndn dknckn","meta":{"revision":0,"created":1638369449273,"version":0},"$loki":177},{"name":"heung","email":"andy@gmai.com","character":"456","message":"jcjndjbv djndn dknckn","meta":{"revision":0,"created":1638369452907,"version":0},"$loki":178},{"name":"cheung","email":"andy@gmail.com","character":"067","message":"sncdn","meta":{"revision":0,"created":1638371223610,"version":0},"$loki":179},{"name":"cndknc","email":"andy@gmail.com","character":"218","message":"dncdncndnc","meta":{"revision":0,"created":1638371631201,"version":0},"$loki":180},{"name":"cndknc","email":"andy@gmail.com","character":"218","message":"dncdncndnc","meta":{"revision":0,"created":1638371846029,"version":0},"$loki":181},{"name":"cndknc","email":"andy@gmail.com","character":"218","message":"dncdncndnc","meta":{"revision":0,"created":1638371881690,"version":0},"$loki":182},{"name":"cndknc","email":"andy@gmail.com","character":"218","message":"dncdncndnc","meta":{"revision":0,"created":1638371974740,"version":0},"$loki":183},{"name":"cndknc","email":"andy@gmail.com","character":"218","message":"dncdncndnc","meta":{"revision":0,"created":1638371990970,"version":0},"$loki":184},{"name":"cndknc","email":"andy@gmail.com","character":"218","message":"dncdncndnc","meta":{"revision":0,"created":1638371994952,"version":0},"$loki":185},{"name":"cndknc","email":"andy@gmail.com","character":"218","message":"dncdncndnc","meta":{"revision":0,"created":1638371999193,"version":0},"$loki":186},{"name":"cndknc","email":"andy@gmail.com","character":"218","message":"dncdncndnc","meta":{"revision":0,"created":1638372017536,"version":0},"$loki":187},{"name":"cndknc","email":"andy@gmail.com","character":"218","message":"dncdncndnc","meta":{"revision":0,"created":1638372020481,"version":0},"$loki":188},{"name":"cndknc","email":"andy@gmail.com","character":"218","message":"dncdncndnc","meta":{"revision":0,"created":1638372023346,"version":0},"$loki":189},{"name":"cndknc","email":"andy@gmail.com","character":"218","message":"dncdncndnc","meta":{"revision":0,"created":1638372026176,"version":0},"$loki":190},{"name":"huenfv","email":"sbc@2.com","character":"067","message":"djkdnks","meta":{"revision":0,"created":1638372209272,"version":0},"$loki":191},{"name":"huenfv","email":"sbc@2.com","character":"067","message":"djkdnks","meta":{"revision":0,"created":1638372217577,"version":0},"$loki":192},{"name":"cdidjn","email":"cbjcn@gmail.com","character":"456","message":"ncnskc","meta":{"revision":0,"created":1638372277596,"version":0},"$loki":193},{"name":"cbjhsdnjc","email":"dcbdb@sncn.com","character":"067","message":"cdmd","meta":{"revision":0,"created":1638373026381,"version":0},"$loki":194},{"name":"cbjhsdnjc","email":"dcbdb@sncn.com","character":"067","message":"cdmd","meta":{"revision":0,"created":1638373028846,"version":0},"$loki":195},{"name":"cdjkcnk","email":"dccnd@cjdn.om","character":"218","message":"sccsbhc dsjk ","meta":{"revision":0,"created":1638373069104,"version":0},"$loki":196},{"name":"cdjkcnk","email":"dccnd@cjdn.om","character":"218","message":"sccsbhc dsjk ","meta":{"revision":0,"created":1638373159901,"version":0},"$loki":197},{"name":"cdjkcnk","email":"dccnd@cjdn.om","character":"218","message":"sccsbhc dsjk ","meta":{"revision":0,"created":1638373161447,"version":0},"$loki":198},{"name":"cdmc","email":"jndjn@gmail.om","character":"456","message":"nckdnckn","meta":{"revision":0,"created":1638373309091,"version":0},"$loki":199},{"name":"cdmc","email":"jndjn@gmail.om","character":"456","message":"nckdnckn","meta":{"revision":0,"created":1638373642223,"version":0},"$loki":200},{"name":"dkcnkds","email":"jncksdn@gmail.com","character":"456","message":"ncdisnicn","meta":{"revision":0,"created":1638373657520,"version":0},"$loki":201},{"name":"dkcnkds","email":"jncksdn@gmail.com","character":"456","message":"ncdisnicn","meta":{"revision":0,"created":1638373926717,"version":0},"$loki":202},{"name":"dkcnkds","email":"jncksdn@gmail.com","character":"456","message":"ncdisnicn","meta":{"revision":0,"created":1638374349090,"version":0},"$loki":203},{"name":"cdjdscj cs","email":"sjasnj@gmail.com","character":"067","message":"dncnds","meta":{"revision":0,"created":1638374367656,"version":0},"$loki":204},{"name":"ckkdskscnk","email":"dchjsdb@djjd.om","character":"456","message":"bdsjcbdcmd","meta":{"revision":0,"created":1638374689414,"version":0},"$loki":205},{"name":"ckkdskscnk","email":"dchjsdb@djjd.om","character":"456","message":"bdsjcbdcmd","meta":{"revision":0,"created":1638374721028,"version":0},"$loki":206},{"name":"snjvsd ndsv","email":"cdjvbskvds@gmail.com","character":"067","message":"dckdnck","meta":{"revision":0,"created":1638374906959,"version":0},"$loki":207},{"name":"snjvsd ndsv","email":"cdjvbskvds@gmail.com","character":"067","message":"dckdnck","meta":{"revision":0,"created":1638375134928,"version":0},"$loki":208},{"name":"dkskn","email":"dsch@dd","character":"218","message":"cndk","meta":{"revision":0,"created":1638375153986,"version":0},"$loki":209},{"name":"dkskn","email":"dsch@dd","character":"218","message":"cndk","meta":{"revision":0,"created":1638375157423,"version":0},"$loki":210},{"name":"dkskn","email":"dsch@dd","character":"218","message":"cndk","meta":{"revision":0,"created":1638375159153,"version":0},"$loki":211},{"name":"dkskn","email":"dsch@dd","character":"218","message":"cndk","meta":{"revision":0,"created":1638375333050,"version":0},"$loki":212},{"name":"dkskn","email":"dsch@dd","character":"218","message":"cndkcdc","meta":{"revision":0,"created":1638375336421,"version":0},"$loki":213},{"name":"dknkcsd","email":"dkskdls@hcudnc","character":"067","message":"ckdklds","meta":{"revision":0,"created":1638375352969,"version":0},"$loki":214},{"name":"dknkcsd","email":"dkskdls@hcudnc","character":"067","message":"ckdklds","meta":{"revision":0,"created":1638375371781,"version":0},"$loki":215},{"name":"cldmc","email":"snxk@gmail.om","character":"218","plot twist":"plot twist","meta":{"revision":0,"created":1638381005327,"version":0},"$loki":216},{"name":"dcnds","email":"dnnkcksn@gmail.com","character":"067","plot twist":"plot twist","meta":{"revision":0,"created":1638381050801,"version":0},"$loki":217},{"name":"dcnds","email":"dnnkcksn@gmail.com","character":"067","plot twist":"plot twist","meta":{"revision":0,"created":1638381225624,"version":0},"$loki":218},{"name":"dcnds","email":"dnnkcksn@gmail.com","character":"067","plot twist":"plot twist","meta":{"revision":0,"created":1638381258225,"version":0},"$loki":219},{"name":"dcnds","email":"dnnkcksn@gmail.com","character":"067","plot twist":"plot twist","meta":{"revision":0,"created":1638381295843,"version":0},"$loki":220},{"name":"bcdjd","email":"cdjk@bs","character":"456","plottwist":"plot twist","meta":{"revision":0,"created":1638381483159,"version":0},"$loki":221},{"name":"bcdjd","email":"cdjk@bs","character":"456","sensationalmovie":"sensationalmovie","plottwist":"plot twist","meta":{"revision":0,"created":1638381530495,"version":0},"$loki":222},{"name":"cds c","email":"nsja@hudusncj","character":"218","comment":"sensationalmovie","meta":{"revision":0,"created":1638381627171,"version":0},"$loki":223},{"name":"cds c","email":"nsja@hudusncj","character":"218","comment":"plot twist","meta":{"revision":0,"created":1638381667941,"version":0},"$loki":224},{"name":"cds c","email":"nsja@hudusncj","character":"218","comment":"RedLight!","meta":{"revision":0,"created":1638381672236,"version":0},"$loki":225},{"name":"cds c","email":"nsja@hudusncj","character":"218","comment":"depressed","meta":{"revision":0,"created":1638381678540,"version":0},"$loki":226},{"name":"cds c","email":"nsja@hudusncj","character":"218","comment":"WhereisS2?","meta":{"revision":0,"created":1638381687169,"version":0},"$loki":227},{"name":"cds c","email":"nsja@hudusncj","character":"218","comment":"Male","meta":{"revision":0,"created":1638381689662,"version":0},"$loki":228},{"name":"cds c","email":"nsja@hudusncj","character":"218","comment":"WhereisS2?","meta":{"revision":0,"created":1638381693194,"version":0},"$loki":229},{"name":"cds c","email":"nsja@hudusncj","character":"218","comment":"RedLight!","meta":{"revision":0,"created":1638381696681,"version":0},"$loki":230},{"name":"cds c","email":"nsja@hudusncj","character":"218","comment":"Male","meta":{"revision":0,"created":1638381698911,"version":0},"$loki":231},{"name":"cbsdjcj","email":"andy@gmail.com","character":"067","comment":"plot twist","meta":{"revision":0,"created":1638381732794,"version":0},"$loki":232},{"name":"cheung","email":"andy@dcd","character":"067","comment":"sensationalmovie","meta":{"revision":0,"created":1638382235325,"version":0},"$loki":233},{"name":"cheung","email":"andy@dcd","character":"067","comment":"plottwist","meta":{"revision":0,"created":1638382243374,"version":0},"$loki":234},{"name":"cheung","email":"andy@dcd","character":"067","comment":"RedLight!","meta":{"revision":0,"created":1638382249396,"version":0},"$loki":235},{"name":"cheung","email":"andy@dcd","character":"067","comment":"RedLight!","meta":{"revision":0,"created":1638382253361,"version":0},"$loki":236},{"name":"cheung","email":"andy@dcd","character":"067","comment":"Overated","meta":{"revision":0,"created":1638382257579,"version":0},"$loki":237},{"name":"cheung","email":"andy@dcd","character":"067","comment":"Overated","meta":{"revision":0,"created":1638382304032,"version":0},"$loki":238},{"name":"cheung","email":"andy@dcd","character":"067","comment":"sensationalmovie","meta":{"revision":0,"created":1638382308904,"version":0},"$loki":239},{"name":"ksancks","email":"andy@gmail.com","character":"218","comment":"sensationalmovie","meta":{"revision":0,"created":1638382443816,"version":0},"$loki":240},{"name":"ksancks","email":"andy@gmail.com","character":"218","comment":"plottwist","meta":{"revision":0,"created":1638382449546,"version":0},"$loki":241},{"name":"ksancks","email":"andy@gmail.com","character":"218","comment":"plottwist","meta":{"revision":0,"created":1638382451983,"version":0},"$loki":242},{"name":"ksancks","email":"andy@gmail.com","character":"218","comment":"plottwist","meta":{"revision":0,"created":1638382454273,"version":0},"$loki":243},{"name":"ksancks","email":"andy@gmail.com","character":"218","comment":"plottwist","meta":{"revision":0,"created":1638382457162,"version":0},"$loki":244},{"name":"ksancks","email":"andy@gmail.com","character":"218","comment":"plottwist","meta":{"revision":0,"created":1638382459581,"version":0},"$loki":245},{"name":"ksancks","email":"andy@gmail.com","character":"218","comment":"RedLight!","meta":{"revision":0,"created":1638382464715,"version":0},"$loki":246},{"name":"ksancks","email":"andy@gmail.com","character":"218","comment":"depressed","meta":{"revision":0,"created":1638382469670,"version":0},"$loki":247},{"name":"ksancks","email":"andy@gmail.com","character":"218","comment":"WhereisS2?","meta":{"revision":0,"created":1638382473191,"version":0},"$loki":248},{"name":"ksancks","email":"andy@gmail.com","character":"218","comment":"WhereisS2?","meta":{"revision":0,"created":1638382531438,"version":0},"$loki":249},{"name":"ksancks","email":"andy@gmail.com","character":"218","comment":"WhereisS2?","meta":{"revision":0,"created":1638382540553,"version":0},"$loki":250},{"name":"ksancks","email":"andy@gmail.com","character":"218","comment":"Overated","meta":{"revision":0,"created":1638382545481,"version":0},"$loki":251},{"name":"ksancks","email":"andy@gmail.com","character":"218","comment":"Overated","meta":{"revision":0,"created":1638382547923,"version":0},"$loki":252},{"name":"nckjs","email":"cjkn@cd","character":"067","comment":"sensationalmovie","meta":{"revision":0,"created":1638382715876,"version":0},"$loki":253},{"name":"nckjs","email":"cjkn@cd","character":"067","comment":"sensationalmovie","meta":{"revision":0,"created":1638382719937,"version":0},"$loki":254},{"name":"nckjs","email":"cjkn@cd","character":"067","comment":"sensationalmovie","meta":{"revision":0,"created":1638382721770,"version":0},"$loki":255},{"name":"nckjs","email":"cjkn@cd","character":"067","comment":"sensationalmovie","meta":{"revision":0,"created":1638382723239,"version":0},"$loki":256},{"name":"nckjs","email":"cjkn@cd","character":"067","comment":"plottwist","meta":{"revision":0,"created":1638382725814,"version":0},"$loki":257},{"name":"nckjs","email":"cjkn@cd","character":"067","comment":"plottwist","meta":{"revision":0,"created":1638382727280,"version":0},"$loki":258},{"name":"nckjs","email":"cjkn@cd","character":"067","comment":"RedLight!","meta":{"revision":0,"created":1638382730314,"version":0},"$loki":259},{"name":"nckjs","email":"cjkn@cd","character":"067","comment":"RedLight!","meta":{"revision":0,"created":1638382733361,"version":0},"$loki":260},{"name":"nckjs","email":"cjkn@cd","character":"067","comment":"depressed","meta":{"revision":0,"created":1638382735563,"version":0},"$loki":261},{"name":"nckjs","email":"cjkn@cd","character":"067","comment":"depressed","meta":{"revision":0,"created":1638382742768,"version":0},"$loki":262},{"name":"nckjs","email":"cjkn@cd","character":"067","comment":"depressed","meta":{"revision":0,"created":1638382745143,"version":0},"$loki":263},{"name":"nckjs","email":"cjkn@cd","character":"067","comment":"WhereisS2?","meta":{"revision":0,"created":1638382748271,"version":0},"$loki":264},{"name":"nckjs","email":"cjkn@cd","character":"067","comment":"Overated","meta":{"revision":0,"created":1638382751150,"version":0},"$loki":265},{"name":"nckjs","email":"cjkn@cd","character":"067","comment":"Overated","meta":{"revision":0,"created":1638382855829,"version":0},"$loki":266},{"name":"fjwej","email":"jfowj2oijsdofij@fdsddg","character":"456","comment":"Overated","meta":{"revision":0,"created":1638426578607,"version":0},"$loki":267},{"name":"fjwej","email":"jfowj2oijsdofij@fdsddg","character":"456","comment":"Overated","meta":{"revision":0,"created":1638426587199,"version":0},"$loki":268},{"name":"fjwej","email":"jfowj2oijsdofij@fdsddg","character":"456","comment":"Overated","meta":{"revision":0,"created":1638426590149,"version":0},"$loki":269},{"name":"fjwej","email":"jfowj2oijsdofij@fdsddg","character":"456","comment":"Overated","meta":{"revision":0,"created":1638426592474,"version":0},"$loki":270},{"name":"fjwej","email":"jfowj2oijsdofij@fdsddg","character":"456","comment":"Overated","meta":{"revision":0,"created":1638426594749,"version":0},"$loki":271},{"name":"fjwej","email":"jfowj2oijsdofij@fdsddg","character":"456","comment":"Overated","meta":{"revision":0,"created":1638426606010,"version":0},"$loki":272},{"name":"dsfs","email":"fdsfd@dggsd","character":"218","comment":"RedLight!","message":"gdsgsg","meta":{"revision":0,"created":1638449923930,"version":0},"$loki":273},{"name":"dsfs","email":"fdsfd@dggsd","character":"218","comment":"RedLight!","message":"gdsgsg","meta":{"revision":0,"created":1638449928669,"version":0},"$loki":274},{"name":"fsdfsd","email":"fdsf@fsdf","character":"218","comment":"plottwist","message":"dsffds","meta":{"revision":0,"created":1638450027833,"version":0},"$loki":275},{"name":"fsdfsd","email":"fdsf@fsdf","character":"218","comment":"plottwist","message":"dsffds","meta":{"revision":0,"created":1638450033749,"version":0},"$loki":276},{"name":"safaf","email":"fsaf@dgsgs","character":"218","comment":"plottwist","message":"dsgsdgs","meta":{"revision":0,"created":1638450094560,"version":0},"$loki":277},{"name":"jsjflkfj","email":"sjdfnkl@nksdnlf","character":"067","comment":"RedLight!","message":"dfslkfm","meta":{"revision":0,"created":1638469903700,"version":0},"$loki":278},{"name":"dsgsgsd","email":"sdg@gdsgsd","character":"218","comment":"RedLight!","message":"gdsgsg","meta":{"revision":0,"created":1638469942548,"version":0},"$loki":279},{"name":"dsgsgsd","email":"sdg@gdsgsd","character":"218","comment":"RedLight!","message":"gdsgsg","meta":{"revision":0,"created":1638469953892,"version":0},"$loki":280},{"name":"sfaa","email":"fasf@fdsfs","character":"218","comment":"RedLight!","message":"sdfsdf","meta":{"revision":0,"created":1638469996364,"version":0},"$loki":281},{"name":"fdsd","email":"dfsdf@gsgds","character":"067","comment":"sensationalmovie","message":"gsdgsdgsd","meta":{"revision":0,"created":1638470192045,"version":0},"$loki":282},{"name":"dgsg","email":"dgds@sdgsdg","character":"067","comment":"RedLight!","message":"gdsgsdgsdg","meta":{"revision":0,"created":1638470555314,"version":0},"$loki":283},{"name":"fdsdg","email":"dgsg@gfdgfd","character":"218","comment":"RedLight!","message":"dsgsdgdgs","meta":{"revision":0,"created":1638470625319,"version":0},"$loki":284},{"name":"dfsgds","email":"gdsgs@dsgsg","character":"218","comment":"RedLight!","message":"dgsgsgs","meta":{"revision":0,"created":1638470665544,"version":0},"$loki":285},{"name":"dfsgds","email":"gdsgs@dsgsg","character":"218","comment":"RedLight!","message":"dgsgsgs","meta":{"revision":0,"created":1638470742694,"version":0},"$loki":286},{"name":"dfsgds","email":"gdsgs@dsgsg","character":"218","comment":"RedLight!","message":"dgsgsgs","meta":{"revision":0,"created":1638470745135,"version":0},"$loki":287},{"name":"fdsfsdf","email":"dfsdf@dsgsdg","character":"218","comment":"RedLight!","meta":{"revision":0,"created":1638470808578,"version":0},"$loki":288},{"name":"dsfhihfs@fhdsfh","email":"dsfhihfs@fhdsfh","character":"218","comment":"RedLight!","meta":{"revision":0,"created":1638507430887,"version":0},"$loki":289},{"name":"dsfhihfs@fhdsfh","email":"dsfhihfs@fhdsfh","character":"218","comment":"RedLight!","meta":{"revision":0,"created":1638507444952,"version":0},"$loki":290},{"name":"dsfnkln","email":"nsfaijo@fiojfsd","character":"218","comment":"RedLight!","meta":{"revision":0,"created":1638512626204,"version":0},"$loki":291},{"name":"gfdg","email":"dg@gfdg","character":"218","comment":"RedLight!","meta":{"revision":0,"created":1638514259733,"version":0},"$loki":292},{"name":"Chris","email":"chris@famsf","character":"","meta":{"revision":0,"created":1638517967661,"version":0},"$loki":293},{"name":"Chris","email":"chris@fdsgdgs","character":"218","meta":{"revision":0,"created":1638518021161,"version":0},"$loki":294},{"name":"Chris","email":"chris@fdsgdgs","character":"218","meta":{"revision":0,"created":1638518043477,"version":0},"$loki":295},{"name":"Chris","email":"chris@fdsgdgs","character":"218","meta":{"revision":0,"created":1638518046745,"version":0},"$loki":296},{"name":"Chris","email":"chris@fdsgdgs","character":"218","comment":"plottwist","meta":{"revision":0,"created":1638518063357,"version":0},"$loki":297},{"name":"Chris","email":"chris@fdsgdgs","character":"218","comment":"plottwist","meta":{"revision":0,"created":1638518095126,"version":0},"$loki":298},{"name":"Chris","email":"chris@fdsgdgs","character":"218","comment":"depressed","meta":{"revision":0,"created":1638518099894,"version":0},"$loki":299},{"name":"Chris","email":"chris@fdsgdgs","character":"218","comment":"depressed","meta":{"revision":0,"created":1638518105191,"version":0},"$loki":300},{"name":"Chris","email":"chris@fdsgdgs","character":"218","comment":"depressed","meta":{"revision":0,"created":1638518108734,"version":0},"$loki":301},{"name":"Chris","email":"chris@fdsgdgs","character":"218","comment":"depressed","meta":{"revision":0,"created":1638518120565,"version":0},"$loki":302},{"name":"CHris","email":"chris@dsnglsg","character":"067","comment":"RedLight!","meta":{"revision":0,"created":1638518217365,"version":0},"$loki":303},{"name":"Chris","email":"chris@fsdfsd","character":"218","comment":"plottwist","meta":{"revision":0,"created":1638518968618,"version":0},"$loki":304},{"name":"gfijgsd","email":"fdsijf@fgdg","character":"218","comment":"RedLight!","meta":{"revision":0,"created":1638519017442,"version":0},"$loki":305},{"name":"dsjoijg","email":"fisdjf@jgoigjd","character":"218","comment":"RedLight!","meta":{"revision":0,"created":1638519162709,"version":0},"$loki":306},{"name":"fdsfjoj","email":"fdjiojf@jsoijdf","character":"218","comment":"RedLight!","meta":{"revision":0,"created":1638519225913,"version":0},"$loki":307},{"name":"vdsg","email":"sdf@ggfd","character":"456","comment":"RedLight!","meta":{"revision":0,"created":1638519339696,"version":0},"$loki":308},{"name":"sdjfo","email":"fdsnkn@fsdf","character":"218","comment":"RedLight!","meta":{"revision":0,"created":1638519397570,"version":0},"$loki":309},{"name":"gdsdg@fdss","email":"fdsfdg@gfdfg","character":"218","comment":"RedLight!","meta":{"revision":0,"created":1638519997172,"version":0},"$loki":310},{"name":"fdsijf","email":"fjoisdfj@fdsoij","character":"218","comment":"RedLight!","meta":{"revision":0,"created":1638520477053,"version":0},"$loki":311},{"name":"gfgf","email":"gdsg@dsg","character":"067","comment":"RedLight!","meta":{"revision":0,"created":1638520495821,"version":0},"$loki":312},{"name":"fdsdg","email":"dfs@fdsf","character":"218","comment":"RedLight!","meta":{"revision":0,"created":1638520621648,"version":0},"$loki":313},{"name":"dfsijg","email":"dsfjo@fdsoifj","character":"456","comment":"RedLight!","meta":{"revision":0,"created":1638520725814,"version":0},"$loki":314},{"name":"dfsijg","email":"dsfjo@fdsoifj","character":"456","comment":"RedLight!","meta":{"revision":0,"created":1638520733892,"version":0},"$loki":315},{"name":"dfsijg","email":"dsfjo@fdsoifj","character":"456","comment":"RedLight!","meta":{"revision":0,"created":1638520736529,"version":0},"$loki":316},{"name":"dfsijg","email":"dsfjo@fdsoifj","character":"456","comment":"RedLight!","meta":{"revision":0,"created":1638520738300,"version":0},"$loki":317},{"name":"dfs","email":"fds@dsfd","character":"067","comment":"RedLight!","meta":{"revision":0,"created":1638520760159,"version":0},"$loki":318},{"name":"vdsjs","email":"dfsffj@fdsf","character":"218","comment":"RedLight!","meta":{"revision":0,"created":1638520828136,"version":0},"$loki":319},{"name":"vdsjs","email":"dfsffj@fdsf","character":"218","comment":"RedLight!","meta":{"revision":0,"created":1638520833613,"version":0},"$loki":320},{"name":"vdsjs","email":"dfsffj@fdsf","character":"218","comment":"RedLight!","meta":{"revision":0,"created":1638520863565,"version":0},"$loki":321},{"name":"vdsjs","email":"dfsffj@fdsf","character":"218","comment":"RedLight!","meta":{"revision":0,"created":1638520865352,"version":0},"$loki":322},{"name":"fds","email":"dfsd@fdsfdsf","character":"067","comment":"RedLight!","meta":{"revision":0,"created":1638520981531,"version":0},"$loki":323},{"name":"fds","email":"dfsd@fdsfdsf","character":"067","comment":"RedLight!","meta":{"revision":0,"created":1638520986598,"version":0},"$loki":324},{"name":"dsfsf","email":"fdsf@fdsf","character":"067","comment":"RedLight!","meta":{"revision":0,"created":1638521023938,"version":0},"$loki":325},{"name":"fdsf","email":"fdsif@fdsfd","character":"067","comment":"RedLight!","meta":{"revision":0,"created":1638521055580,"version":0},"$loki":326},{"name":"fdsf","email":"fdsif@fdsfd","character":"067","comment":"RedLight!","meta":{"revision":0,"created":1638521059097,"version":0},"$loki":327},{"name":"fdsf","email":"fdsif@fdsfd","character":"067","comment":"RedLight!","meta":{"revision":0,"created":1638521061196,"version":0},"$loki":328},{"name":"dsfdf","email":"Fddsf@dsggs","character":"067","comment":"RedLight!","meta":{"revision":0,"created":1638521222789,"version":0},"$loki":329},{"name":"dfsf","email":"dfsd@fdsf","character":"067","comment":"depressed","meta":{"revision":0,"created":1638521305609,"version":0},"$loki":330},{"name":"sdfdf","email":"sdfsd@fdsfdsf","character":"","comment":"depressed","meta":{"revision":0,"created":1638521390483,"version":0},"$loki":331},{"name":"vdsvsd","email":"vsdv@sdvds","character":"067","comment":"Overated","meta":{"revision":0,"created":1638521466575,"version":0},"$loki":332},{"name":"dsfsf","email":"dfs@fds","character":"067","comment":"depressed","meta":{"revision":0,"created":1638521520459,"version":0},"$loki":333},{"name":"fsdfs","email":"fdsds@fdfs","character":"067","comment":"depressed","meta":{"revision":0,"created":1638521643787,"version":0},"$loki":334},{"name":"fsdfs","email":"fdsds@fdfs","character":"067","comment":"depressed","meta":{"revision":0,"created":1638521646852,"version":0},"$loki":335},{"name":"fsdfs","email":"fdsds@fdfs","character":"067","comment":"depressed","meta":{"revision":0,"created":1638521649530,"version":0},"$loki":336},{"name":"sdfsdf","email":"fds@dsffsd","character":"067","comment":"plottwist","meta":{"revision":0,"created":1638521662123,"version":0},"$loki":337},{"name":"dsfsfsd","email":"dfsf@fdsf","character":"218","comment":"depressed","meta":{"revision":0,"created":1638521730543,"version":0},"$loki":338},{"name":"fdsf","email":"dsfds@fdssd","character":"067","comment":"depressed","meta":{"revision":0,"created":1638522002908,"version":0},"$loki":339},{"name":"fdsf","email":"fdsf@dfsf","character":"067","comment":"RedLight!","meta":{"revision":0,"created":1638522079787,"version":0},"$loki":340},{"name":"dsfsdf","email":"fdsf@fdsf","character":"067","comment":"RedLight!","meta":{"revision":0,"created":1638522102375,"version":0},"$loki":341},{"name":"fdsfsd","email":"fdsf2DSFF@dsgds","character":"218","comment":"sensationalmovie","meta":{"revision":0,"created":1638522139519,"version":0},"$loki":342},{"name":"fdgfdg","email":"gffdg@fdss","character":"067","comment":"RedLight!","meta":{"revision":0,"created":1638522159563,"version":0},"$loki":343},{"name":"fgdg","email":"etfsd@fds","character":"067","comment":"depressed","meta":{"revision":0,"created":1638522186681,"version":0},"$loki":344},{"name":"fewfw","email":"fds2dsfs@fsdfsd","character":"067","comment":"depressed","meta":{"revision":0,"created":1638522241280,"version":0},"$loki":345},{"name":"fdsds","email":"fsdf@dfs","character":"067","comment":"depressed","meta":{"revision":0,"created":1638522387311,"version":0},"$loki":346},{"name":"fdgfd","email":"dfsf@fdsfsd","character":"067","comment":"depressed","meta":{"revision":0,"created":1638522737675,"version":0},"$loki":347},{"name":"dfsfds","email":"fsdfd@dgsgs","character":"067","comment":"depressed","meta":{"revision":0,"created":1638522766512,"version":0},"$loki":348},{"name":"dfsfds","email":"fsdfd@dgsgs","character":"067","comment":"depressed","meta":{"revision":0,"created":1638522770420,"version":0},"$loki":349},{"name":"fdsfds","email":"dfsf@dssd","character":"067","comment":"depressed","meta":{"revision":0,"created":1638523049228,"version":0},"$loki":350},{"name":"Cindy","email":"cindy@agydcb.com","character":"067","comment":"Overated","meta":{"revision":0,"created":1639040544220,"version":0},"$loki":351},{"name":"Cindy","email":"cindy@agydcb.com","character":"067","comment":"RedLight!","meta":{"revision":0,"created":1639040553711,"version":0},"$loki":352},{"name":"Cindy","email":"cindy@agydcb.com","character":"067","comment":"WhereisS2?","meta":{"revision":0,"created":1639040591203,"version":0},"$loki":353},{"name":"Cindy","email":"cindy@agydcb.com","character":"067","comment":"WhereisS2?","meta":{"revision":0,"created":1639040596900,"version":0},"$loki":354},{"name":"Cindy","email":"cindy@agydcb.com","character":"067","comment":"WhereisS2?","meta":{"revision":0,"created":1639040598832,"version":0},"$loki":355},{"name":"Cindy","email":"cindy@agydcb.com","character":"067","comment":"WhereisS2?","meta":{"revision":0,"created":1639040602409,"version":0},"$loki":356},{"name":"ff","email":"ff@gmail.com","character":"067","comment":"sensationalmovie","meta":{"revision":0,"created":1639040734487,"version":0},"$loki":357},{"name":"ff","email":"ff@gmail.com","character":"067","comment":"sensationalmovie","meta":{"revision":0,"created":1639040738481,"version":0},"$loki":358},{"name":"ff","email":"ff@gmail.com","character":"067","comment":"sensationalmovie","meta":{"revision":0,"created":1639040741968,"version":0},"$loki":359},{"name":"asj","email":"asj@113.com","character":"067","comment":"sensationalmovie","meta":{"revision":0,"created":1639041289250,"version":0},"$loki":360},{"name":"asj","email":"asj@113.com","character":"067","comment":"sensationalmovie","meta":{"revision":0,"created":1639041294725,"version":0},"$loki":361},{"name":"asj","email":"asj@113.com","character":"067","comment":"sensationalmovie","meta":{"revision":0,"created":1639041298723,"version":0},"$loki":362},{"name":"asj","email":"asj@113.com","character":"067","comment":"sensationalmovie","meta":{"revision":0,"created":1639041301956,"version":0},"$loki":363},{"name":"asj","email":"asj@113.com","character":"067","comment":"sensationalmovie","meta":{"revision":0,"created":1639041304944,"version":0},"$loki":364},{"name":"asj","email":"asj@113.com","character":"067","comment":"sensationalmovie","meta":{"revision":0,"created":1639041309264,"version":0},"$loki":365},{"name":"asj","email":"asj@113.com","character":"067","comment":"sensationalmovie","meta":{"revision":0,"created":1639041313342,"version":0},"$loki":366},{"name":"andy","email":"andn@gmail.com","character":"067","comment":"sensationalmovie","meta":{"revision":0,"created":1639041430469,"version":0},"$loki":367},{"name":"andy","email":"andn@gmail.com","character":"067","comment":"sensationalmovie","meta":{"revision":0,"created":1639041434960,"version":0},"$loki":368},{"name":"andy","email":"andn@gmail.com","character":"067","comment":"sensationalmovie","meta":{"revision":0,"created":1639041437508,"version":0},"$loki":369},{"name":"andy","email":"andn@gmail.com","character":"067","comment":"sensationalmovie","meta":{"revision":0,"created":1639041440898,"version":0},"$loki":370},{"name":"andy","email":"andn@gmail.com","character":"067","comment":"Overated","meta":{"revision":0,"created":1639041444507,"version":0},"$loki":371},{"name":"andy","email":"andn@gmail.com","character":"067","comment":"Overated","meta":{"revision":0,"created":1639041447462,"version":0},"$loki":372},{"name":"andy","email":"andn@gmail.com","character":"067","comment":"Overated","meta":{"revision":0,"created":1639041449457,"version":0},"$loki":373},{"name":"andy","email":"andn@gmail.com","character":"067","comment":"Overated","meta":{"revision":0,"created":1639041451148,"version":0},"$loki":374},{"name":"scs","email":"scsc@133nfksn.com","character":"067","comment":"sensationalmovie","meta":{"revision":0,"created":1639041732204,"version":0},"$loki":375},{"name":"scs","email":"scsc@133nfksn.com","character":"067","comment":"plottwist","meta":{"revision":0,"created":1639041739733,"version":0},"$loki":376},{"name":"scs","email":"scsc@133nfksn.com","character":"067","comment":"plottwist","meta":{"revision":0,"created":1639041743052,"version":0},"$loki":377},{"name":"scs","email":"scsc@133nfksn.com","character":"067","comment":"plottwist","meta":{"revision":0,"created":1639041751453,"version":0},"$loki":378},{"name":"scs","email":"scsc@133nfksn.com","character":"067","comment":"RedLight!","meta":{"revision":0,"created":1639041758840,"version":0},"$loki":379},{"name":"scs","email":"scsc@133nfksn.com","character":"067","comment":"RedLight!","meta":{"revision":0,"created":1639041836399,"version":0},"$loki":380},{"name":"cbuab","email":"csdcoisdcvn@gmail.com","character":"067","comment":"RedLight!","meta":{"revision":0,"created":1639041865615,"version":0},"$loki":381},{"name":"cbuab","email":"csdcoisdcvn@gmail.com","character":"067","comment":"RedLight!","meta":{"revision":0,"created":1639041870021,"version":0},"$loki":382},{"name":"cbuab","email":"csdcoisdcvn@gmail.com","character":"067","comment":"RedLight!","meta":{"revision":0,"created":1639041872994,"version":0},"$loki":383},{"name":"cbuab","email":"csdcoisdcvn@gmail.com","character":"067","comment":"RedLight!","meta":{"revision":0,"created":1639041875234,"version":0},"$loki":384},{"name":"cbuab","email":"csdcoisdcvn@gmail.com","character":"067","comment":"RedLight!","meta":{"revision":0,"created":1639041877388,"version":0},"$loki":385},{"name":"andy","email":"andy@gmail.com","character":"067","comment":"RedLight!","meta":{"revision":0,"created":1639042041294,"version":0},"$loki":386},{"name":"andy","email":"andy@gmail.com","character":"067","comment":"sensationalmovie","meta":{"revision":0,"created":1639042192209,"version":0},"$loki":387},{"name":"andy","email":"andy@gmail.com","character":"067","comment":"RedLight!","meta":{"revision":0,"created":1639042200434,"version":0},"$loki":388},{"name":"gg","email":"gg@csbdvb.com","character":"067","comment":"RedLight!","meta":{"revision":0,"created":1639042231534,"version":0},"$loki":389},{"name":"gg","email":"gg@csbdvb.com","character":"067","comment":"RedLight!","meta":{"revision":0,"created":1639042238174,"version":0},"$loki":390},{"name":"you","email":"ascsa@gmail.com","character":"218","comment":"sensationalmovie","meta":{"revision":0,"created":1639042487800,"version":0},"$loki":391},{"name":"you","email":"ascsa@gmail.com","character":"218","comment":"sensationalmovie","meta":{"revision":0,"created":1639042492738,"version":0},"$loki":392},{"name":"sdcjsd","email":"csdcsdv@1323rf.com","character":"218","comment":"Overated","meta":{"revision":0,"created":1639042584118,"version":0},"$loki":393},{"name":"andjncjb","email":"123@bc.com","character":"067","comment":"sensationalmovie","meta":{"revision":0,"created":1639054938876,"version":0},"$loki":394},{"name":"cheung","email":"andy@gmail.com","character":"067","comment":"plottwist","meta":{"revision":0,"created":1639055211908,"version":0},"$loki":395},{"name":"cheung","email":"andy@gmail.com","character":"067","comment":"Overated","meta":{"revision":0,"created":1639055243171,"version":0},"$loki":396},{"name":"cheung","email":"andy@gmail.com","character":"067","comment":"Overated","meta":{"revision":0,"created":1639055247098,"version":0},"$loki":397},{"name":"cheung","email":"andy@gmail.com","character":"067","comment":"Overated","meta":{"revision":0,"created":1639055249708,"version":0},"$loki":398},{"name":"cheung","email":"andy@gmail.com","character":"067","comment":"Overated","meta":{"revision":0,"created":1639055253059,"version":0},"$loki":399},{"name":"cheung","email":"andy@gmail.com","character":"067","comment":"Overated","meta":{"revision":0,"created":1639055255878,"version":0},"$loki":400},{"name":"cheung","email":"andy@gmail.com","character":"067","comment":"Overated","meta":{"revision":0,"created":1639055258730,"version":0},"$loki":401},{"name":"cheung","email":"andy@gmail.com","character":"067","comment":"Overated","meta":{"revision":0,"created":1639055261082,"version":0},"$loki":402},{"name":"cheung","email":"andy@gmail.com","character":"067","comment":"Overated","meta":{"revision":0,"created":1639055266762,"version":0},"$loki":403},{"name":"jnjc","email":"dndsjcn@sgfd","character":"067","comment":"RedLight!","meta":{"revision":0,"created":1639055385825,"version":0},"$loki":404},{"name":"csdj","email":"sdijcn@gmail.com","character":"067","comment":"Overated","meta":{"revision":0,"created":1639055430502,"version":0},"$loki":405},{"name":"cheung","email":"cheung@gmail.com","character":"067","comment":"RedLight!","meta":{"revision":0,"created":1639055645717,"version":0},"$loki":406},{"name":"cheung","email":"cheung@gmail.com","character":"067","comment":"Overated","meta":{"revision":0,"created":1639055724336,"version":0},"$loki":407},{"name":"cheung","email":"cheung@gmail.com","character":"067","comment":"Overated","meta":{"revision":0,"created":1639055729734,"version":0},"$loki":408},{"name":"cheung","email":"cheung@gmail.com","character":"067","comment":"Overated","meta":{"revision":0,"created":1639055735793,"version":0},"$loki":409},{"name":"cheung","email":"cheung@gmail.com","character":"067","comment":"WhereisS2?","meta":{"revision":0,"created":1639055741524,"version":0},"$loki":410},{"name":"cheung","email":"cheung@gmail.com","character":"067","comment":"WhereisS2?","meta":{"revision":0,"created":1639055743758,"version":0},"$loki":411},{"name":"cheung","email":"cheung@gmail.com","character":"067","comment":"WhereisS2?","meta":{"revision":0,"created":1639055746143,"version":0},"$loki":412},{"name":"cy","email":"cy@fh.com","character":"456","comment":"WhereisS2?","meta":{"revision":0,"created":1639056139583,"version":0},"$loki":413},{"name":"cds","email":"dscd@gmail.com","character":"067","comment":"Overated","meta":{"revision":0,"created":1639056313517,"version":0},"$loki":414},{"name":"cds","email":"dscd@gmail.com","character":"067","comment":"sensationalmovie","meta":{"revision":0,"created":1639056332401,"version":0},"$loki":415},{"name":"cds","email":"dscd@gmail.com","character":"067","comment":"sensationalmovie","meta":{"revision":0,"created":1639056336227,"version":0},"$loki":416},{"name":"cds","email":"dscd@gmail.com","character":"067","comment":"sensationalmovie","meta":{"revision":0,"created":1639056339535,"version":0},"$loki":417},{"name":"cds","email":"dscd@gmail.com","character":"067","comment":"sensationalmovie","meta":{"revision":0,"created":1639056342329,"version":0},"$loki":418},{"name":"cds","email":"dscd@gmail.com","character":"067","comment":"sensationalmovie","meta":{"revision":0,"created":1639056345538,"version":0},"$loki":419},{"name":"cds","email":"dscd@gmail.com","character":"067","comment":"sensationalmovie","meta":{"revision":0,"created":1639056348021,"version":0},"$loki":420},{"name":"cds","email":"dscd@gmail.com","character":"067","comment":"sensationalmovie","meta":{"revision":0,"created":1639056355352,"version":0},"$loki":421},{"name":"cds","email":"dscd@gmail.com","character":"067","comment":"sensationalmovie","meta":{"revision":0,"created":1639056365528,"version":0},"$loki":422},{"name":"cscc","email":"andy@gmail.com","character":"218","comment":"Overated","meta":{"revision":0,"created":1639056519308,"version":0},"$loki":423},{"name":"andy","email":"andt@gmail.com","character":"067","comment":"depressed","meta":{"revision":0,"created":1639056962868,"version":0},"$loki":424},{"name":"jn vkn","email":"dcjbi@jdcnjs","character":"218","comment":"WhereisS2?","meta":{"revision":0,"created":1639057426930,"version":0},"$loki":425},{"name":"jn vkn","email":"dcjbi@jdcnjs","character":"218","comment":"Overated","meta":{"revision":0,"created":1639057443285,"version":0},"$loki":426},{"name":"jn vkn","email":"dcjbi@jdcnjs","character":"218","comment":"Overated","meta":{"revision":0,"created":1639057447736,"version":0},"$loki":427},{"name":"jn vkn","email":"dcjbi@jdcnjs","character":"218","comment":"Overated","meta":{"revision":0,"created":1639057458298,"version":0},"$loki":428},{"name":"jn vkn","email":"dcjbi@jdcnjs","character":"218","comment":"Overated","meta":{"revision":0,"created":1639057460542,"version":0},"$loki":429},{"name":"jn vkn","email":"dcjbi@jdcnjs","character":"218","comment":"Overated","meta":{"revision":0,"created":1639057464421,"version":0},"$loki":430},{"name":"jn vkn","email":"dcjbi@jdcnjs","character":"218","comment":"Overated","meta":{"revision":0,"created":1639057465762,"version":0},"$loki":431},{"name":"jn vkn","email":"dcjbi@jdcnjs","character":"218","comment":"Overated","meta":{"revision":0,"created":1639057466888,"version":0},"$loki":432},{"name":"jn vkn","email":"dcjbi@jdcnjs","character":"218","comment":"Overated","meta":{"revision":0,"created":1639057467876,"version":0},"$loki":433},{"name":"jn vkn","email":"dcjbi@jdcnjs","character":"218","comment":"Overated","meta":{"revision":0,"created":1639057468910,"version":0},"$loki":434},{"name":"jn vkn","email":"dcjbi@jdcnjs","character":"218","comment":"Overated","meta":{"revision":0,"created":1639057469787,"version":0},"$loki":435},{"name":"jn vkn","email":"dcjbi@jdcnjs","character":"218","comment":"Overated","meta":{"revision":0,"created":1639057470806,"version":0},"$loki":436},{"name":"jn vkn","email":"dcjbi@jdcnjs","character":"218","comment":"Overated","meta":{"revision":0,"created":1639057471855,"version":0},"$loki":437},{"name":"jn vkn","email":"dcjbi@jdcnjs","character":"218","comment":"Overated","meta":{"revision":0,"created":1639057474015,"version":0},"$loki":438},{"name":"sxjnsa c","email":"scoasjcn@gmail.com","character":"218","comment":"Overated","meta":{"revision":0,"created":1639057679779,"version":0},"$loki":439},{"name":"jhsxbac","email":"duhcbdsh@gmail.com","character":"456","comment":"RedLight!","meta":{"revision":0,"created":1639057746850,"version":0},"$loki":440},{"name":"fvbhj","email":"fusn@gmail.com","character":"218","comment":"depressed","meta":{"revision":0,"created":1639057885737,"version":0},"$loki":441},{"name":"d vdkz","email":"cslmcl@dvnjdnz.com","character":"067","comment":"depressed","meta":{"revision":0,"created":1639057968024,"version":0},"$loki":442},{"name":"djc jksd","email":"dsjcjk@vdchg","character":"218","comment":"depressed","meta":{"revision":0,"created":1639058517044,"version":0},"$loki":443},{"name":"djc jksd","email":"dsjcjk@vdchg","character":"218","comment":"WhereisS2?","meta":{"revision":0,"created":1639058553792,"version":0},"$loki":444},{"name":"djc jksd","email":"dsjcjk@vdchg","character":"218","comment":"WhereisS2?","meta":{"revision":0,"created":1639058559500,"version":0},"$loki":445},{"name":"fdvbshd","email":"dhfvb@gmail","character":"218","comment":"depressed","meta":{"revision":0,"created":1639058669156,"version":0},"$loki":446},{"name":"fdvbshd","email":"dhfvb@gmail","character":"218","comment":"WhereisS2?","meta":{"revision":0,"created":1639058694104,"version":0},"$loki":447},{"name":"fdvbshd","email":"dhfvb@gmail","character":"218","comment":"WhereisS2?","meta":{"revision":0,"created":1639058697662,"version":0},"$loki":448},{"name":"fdvbshd","email":"dhfvb@gmail","character":"218","comment":"WhereisS2?","meta":{"revision":0,"created":1639058699850,"version":0},"$loki":449},{"name":"fdvbshd","email":"dhfvb@gmail","character":"218","comment":"WhereisS2?","meta":{"revision":0,"created":1639058701735,"version":0},"$loki":450},{"name":"fdvbshd","email":"dhfvb@gmail","character":"218","comment":"WhereisS2?","meta":{"revision":0,"created":1639058703238,"version":0},"$loki":451},{"name":"fdvbshd","email":"dhfvb@gmail","character":"218","comment":"WhereisS2?","meta":{"revision":0,"created":1639058705078,"version":0},"$loki":452},{"name":"fdvbshd","email":"dhfvb@gmail","character":"218","comment":"WhereisS2?","meta":{"revision":0,"created":1639058706584,"version":0},"$loki":453},{"name":"fdvbshd","email":"dhfvb@gmail","character":"218","comment":"plottwist","meta":{"revision":0,"created":1639058730428,"version":0},"$loki":454},{"name":"fdvbshd","email":"dhfvb@gmail","character":"218","comment":"plottwist","meta":{"revision":0,"created":1639058731867,"version":0},"$loki":455},{"name":"fdvbshd","email":"dhfvb@gmail","character":"218","comment":"plottwist","meta":{"revision":0,"created":1639058734508,"version":0},"$loki":456},{"name":"fdvbshd","email":"dhfvb@gmail","character":"218","comment":"plottwist","meta":{"revision":0,"created":1639058735998,"version":0},"$loki":457},{"name":"fdvbshd","email":"dhfvb@gmail","character":"218","comment":"plottwist","meta":{"revision":0,"created":1639058738006,"version":0},"$loki":458},{"name":"fdsjsf","email":"fsdljf@fdsfsd","character":"218","comment":"RedLight!","meta":{"revision":0,"created":1639062577251,"version":0},"$loki":459},{"name":"fdsjsf","email":"fsdljf@fdsfsd","character":"218","comment":"RedLight!","meta":{"revision":0,"created":1639062589584,"version":0},"$loki":460},{"name":"fdsjsf","email":"fsdljf@fdsfsd","character":"218","comment":"RedLight!","meta":{"revision":0,"created":1639062593353,"version":0},"$loki":461},{"name":"dsfsf","email":"fdsf@fdsds","character":"218","comment":"plottwist","meta":{"revision":0,"created":1639062716231,"version":0},"$loki":462},{"name":"fdsfs","email":"dsf@fdsfsdf","character":"067","comment":"RedLight!","meta":{"revision":0,"created":1639063521883,"version":0},"$loki":463},{"name":"fdsfs","email":"dsf@fdsfsdf","character":"067","comment":"RedLight!","meta":{"revision":0,"created":1639063527543,"version":0},"$loki":464},{"name":"fdsfs","email":"dsf@fdsfsdf","character":"218","comment":"RedLight!","meta":{"revision":0,"created":1639063535455,"version":0},"$loki":465},{"name":"fdsfs","email":"dsf@fdsfsdf","character":"218","comment":"RedLight!","meta":{"revision":0,"created":1639063541964,"version":0},"$loki":466},{"name":"dsfgsg","email":"dsgs@gdsgg","character":"456","comment":"plottwist","meta":{"revision":0,"created":1639064076343,"version":0},"$loki":467},{"name":"fdsfds","email":"dsg@dfsfs","character":"067","comment":"plottwist","meta":{"revision":0,"created":1639064170865,"version":0},"$loki":468},{"name":"fdsfj","email":"fds@dsgsd","character":"456","comment":"depressed","meta":{"revision":0,"created":1639064476171,"version":0},"$loki":469},{"name":"dsfks","email":"fdsfn@dsfds","character":"067","comment":"plottwist","meta":{"revision":0,"created":1639109839515,"version":0},"$loki":470},{"name":"dsfks","email":"fdsfn@dsfds","character":"067","comment":"plottwist","meta":{"revision":0,"created":1639109863653,"version":0},"$loki":471},{"name":"dsfks","email":"fdsfn@dsfds","character":"067","comment":"plottwist","meta":{"revision":0,"created":1639109873337,"version":0},"$loki":472},{"name":"dfsfsdf","email":"dsnknf@sdlkvnl","character":"218","comment":"plottwist","meta":{"revision":0,"created":1639128722650,"version":0},"$loki":473},{"name":"dfsfsdf","email":"dsnknf@sdlkvnl","character":"456","comment":"plottwist","meta":{"revision":0,"created":1639128727887,"version":0},"$loki":474},{"name":"rabunsa","email":"uhguigi@gugiug","character":"067","comment":"plottwist","meta":{"revision":0,"created":1645717670897,"version":0},"$loki":475},{"name":"user","email":"user@gmail.com","character":"218","comment":"WhereisS2?","meta":{"revision":0,"created":1645718471354,"version":0},"$loki":476},{"name":"user","email":"user@gmail.com","character":"218","comment":"WhereisS2?","meta":{"revision":0,"created":1645718490336,"version":0},"$loki":477},{"name":"user","email":"user@gmail.com","character":"218","comment":"WhereisS2?","meta":{"revision":0,"created":1645718493683,"version":0},"$loki":478},{"name":"user","email":"user@gmail.com","character":"218","comment":"WhereisS2?","meta":{"revision":0,"created":1645718496788,"version":0},"$loki":479},{"name":"user","email":"user@gmail.com","character":"218","comment":"WhereisS2?","meta":{"revision":0,"created":1645793787457,"version":0},"$loki":480},{"name":"user","email":"user@gmail.com","character":"218","comment":"WhereisS2?","meta":{"revision":0,"created":1645793813431,"version":0},"$loki":481},{"name":"user","email":"user@gmail.com","character":"218","comment":"WhereisS2?","meta":{"revision":0,"created":1645793816496,"version":0},"$loki":482},{"name":"user","email":"user@gmail.com","character":"218","comment":"WhereisS2?","meta":{"revision":0,"created":1645793821554,"version":0},"$loki":483},{"name":"user","email":"user@gmail.com","character":"218","comment":"WhereisS2?","meta":{"revision":0,"created":1645793825020,"version":0},"$loki":484}],"idIndex":null,"binaryIndices":{},"constraints":null,"uniqueNames":[],"transforms":{},"objType":"contactForm","dirty":false,"cachedIndex":null,"cachedBinaryIndex":null,"cachedData":null,"adaptiveBinaryIndices":true,"transactional":false,"cloneObjects":false,"cloneMethod":"parse-stringify","asyncListeners":false,"disableMeta":false,"disableChangesApi":true,"disableDeltaChangesApi":true,"autoupdate":false,"serializableIndices":true,"disableFreeze":true,"ttl":null,"maxId":484,"DynamicViews":[],"events":{"insert":[],"update":[],"pre-insert":[],"pre-update":[],"close":[],"flushbuffer":[],"error":[],"delete":[null],"warning":[null]},"changes":[],"dirtyIds":[]}],"databaseVersion":1.5,"engineVersion":1.5,"autosave":true,"autosaveInterval":4000,"autosaveHandle":null,"throttledSaves":true,"options":{"autoload":true,"autosave":true,"autosaveInterval":4000,"serializationMethod":"normal","destructureDelimiter":"$<\n","recursiveWait":true,"recursiveWaitLimit":false,"recursiveWaitLimitDuration":2000,"started":1645793202030},"persistenceMethod":"fs","persistenceAdapter":null,"verbose":false,"events":{"init":[null],"loaded":[],"flushChanges":[],"close":[],"changes":[],"warning":[]},"ENV":"NODEJS"}